state,districts_total,districts_covered,places_total,sacred,heritage,nature,water,wildlife,culture,museum,food,craft,adventure,geoheritage,birding,marine,rural,tribal,wellness
"Andhra Pradesh",26,5,5,0,4,1,0,0,0,0,0,0,0,2,0,0,0,0,0
"Arunachal Pradesh",26,1,1,0,0,2,0,0,0,0,0,0,0,0,0,0,0,0,0
"Assam",35,4,4,0,1,0,0,1,2,0,0,1,0,0,0,0,0,0,0
"Bihar",38,4,4,0,3,0,0,0,1,0,0,1,0,0,0,0,1,0,0
"Chhattisgarh",33,1,1,0,0,1,1,0,0,0,0,0,0,0,0,0,0,0,0
"Goa",2,2,4,0,2,1,1,0,0,0,0,0,0,0,0,1,0,0,0
"Gujarat",33,7,8,1,3,1,0,1,2,0,1,0,0,0,0,0,0,0,0
"Haryana",22,1,1,1,0,0,0,0,0,0,0,0,0,0,0,0,0,0,0
"Himachal Pradesh",12,5,8,1,2,8,0,1,0,0,0,0,2,0,0,0,0,0,0
"Jharkhand",24,1,1,1,0,0,0,0,0,0,0,0,0,0,0,0,0,0,0
"Karnataka",31,12,17,2,6,5,1,2,2,1,0,1,0,1,1,2,0,0,0
"Kerala",14,7,10,1,2,4,2,1,3,1,0,1,0,0,0,1,0,0,0
"Madhya Pradesh",55,8,9,0,3,4,2,2,1,0,1,0,0,0,0,0,0,0,0
"Maharashtra",36,6,7,2,5,3,1,0,1,1,0,0,0,1,0,0,0,0,0
"Manipur",16,1,1,0,0,1,1,0,0,0,0,0,0,0,0,0,0,0,0
"Meghalaya",12,1,3,0,1,1,1,0,1,0,0,0,0,0,0,0,1,0,0
"Mizoram",11,2,2,0,0,3,1,0,0,0,0,0,0,0,0,0,0,0,0
"Nagaland",16,1,3,0,0,1,0,0,2,0,0,0,0,0,0,0,1,0,0
"Odisha",30,2,5,0,2,1,1,0,1,0,0,1,0,0,0,1,1,0,0
"Punjab",23,1,3,1,1,0,0,0,1,0,1,0,0,0,0,0,0,0,0
"Rajasthan",50,10,17,2,10,3,1,2,2,2,0,1,0,0,0,0,0,0,0
"Sikkim",6,2,2,0,0,2,2,0,0,0,0,0,0,0,0,0,0,0,0
"Tamil Nadu",38,9,12,2,2,5,1,1,3,0,1,1,0,0,1,1,1,0,0
"Telangana",33,4,6,0,3,0,0,0,2,0,1,1,0,0,0,0,1,0,0
"Tripura",8,1,1,0,0,0,0,0,1,0,0,0,0,0,0,0,0,0,0
"Uttar Pradesh",75,3,9,1,4,0,0,0,3,0,2,1,0,0,0,0,0,0,0
"Uttarakhand",13,4,7,0,0,4,2,1,0,0,0,0,3,0,0,0,0,0,0
"West Bengal",23,4,9,0,4,2,0,1,2,2,1,0,1,0,0,0,0,0,0
"Andaman and Nicobar Islands",3,1,2,0,1,0,0,0,0,0,0,0,0,0,0,1,0,0,0
"Chandigarh",1,1,1,0,0,0,0,0,0,0,0,0,0,0,0,0,0,0,0
"Dadra and Nagar Haveli and Daman and Diu",3,1,1,0,1,0,0,0,0,0,0,0,0,0,0,0,0,0,0
"Delhi",11,4,7,0,4,0,0,0,2,2,1,0,0,0,0,0,0,0,0
"Jammu and Kashmir",20,4,4,0,0,6,2,0,0,0,0,0,0,0,0,0,0,0,0
"Ladakh",2,2,3,0,0,3,1,0,0,0,0,0,1,0,0,0,0,0,0
"Lakshadweep",1,1,2,0,0,0,0,0,0,0,0,0,0,0,0,2,0,0,0
"Puducherry",4,1,1,0,0,0,0,0,0,0,0,0,0,0,0,1,0,0,0